source,target,beta
239666,238708,2.780705817729781e-07
245741,238708,1.5579090110481107e-07
277975,238708,6.625729195299517e-07
303432,238708,8.77570237556985e-07
341115,238708,3.9699543964839233e-07
405745,238708,2.710026079701212e-06
424963,238708,2.9207619373706603e-06
428410,238708,1.8407006462722159e-06
