source,target,beta
10335,44918,2.2974008457057786e-06
123674,44918,2.2810504603545218e-06
135552,44918,2.321678256909174e-06
138110,44918,2.31657073870314e-06
139010,44918,2.3094919315386784e-06
35816,44918,2.3106352888511894e-06
61074,44918,2.444148576651283e-06
74563,44918,3.3175823740954996e-06
86282,44918,2.250448504582773e-06
95682,44918,2.262759865450756e-06
